barcode,x,y,total_counts,label
AGCCGTTAGGGGGN,4790.08982035928,3593.9161676646704,21.0,3
CACTTCTATTTTTT,4378.54761904762,3410.468253968251,127.0,0
AAGGGGGATTTTTN,4803.428571428572,3055.87142857143,38.0,3
CTTGGGTCCCCCCC,4424.098901098901,3392.9010989011,12.0,3
AGTCCAACCCCCCC,4637.55,3318.6785714285693,22.0,3
AGATCGACCCCCCT,4971.40441176471,3224.60294117647,88.0,0
CCGGTTCGCCCCCA,4514.907407407411,3375.5648148148107,23.0,3
TAGCACTTTTTTTT,4928.69911504425,3369.6017699115005,31.0,3
GAGATGGTTTTTTC,4475.038167938928,3357.80916030534,20.0,3
GTGTTTCTCCCCCG,4694.73381294964,3327.1654676259004,18.0,3
CTTACGTATTTTGT,4492.94392523365,3506.4392523364504,48.0,3
ATGTCGCGTTTTGG,4286.09473684211,3303.13684210526,14.0,3
TCCAATACCCCCTG,4288.974025974029,3518.66233766234,86.0,0
GAGCCTGTTTTTCA,4644.79865771812,3599.8724832214793,56.0,3
ATTCCGCATTTTAN,4949.9766081871285,3478.09356725146,64.0,3
TTTCAACATTTGGC,4993.58378378378,3131.04324324324,95.0,3
GCACGTACTTTGGA,4787.2887323943705,3532.59154929577,13.0,3
ACAAGCGTCCCAAC,4670.1967213114785,3314.04918032787,26.0,3
GTAAGAGATTTGTC,4327.24731182796,3541.50537634409,72.0,0
ACAGGGTACCCACG,4998.22516556291,3227.60927152318,67.0,3
GGATGTCCCCCACT,4853.83125,3012.0625,149.0,0
GACAACGCTTTGTA,4965.60563380282,3272.2464788732395,135.0,0
CTTGGTACTTTGAA,4346.13953488372,3105.90697674419,14.0,3
CTCTCTTGTTTGAC,4428.86705202312,3091.01734104046,36.0,3
TTTTGGTGAAACTC,4852.13605442177,3047.36054421769,53.0,3
ATAGAGTGCCCAGC,4222.8018018018,3498.21621621622,73.0,0
CCATTCGTTTTGAA,4427.1511627907,3500.36046511628,17.0,3
CCCAGGCTGGGTCC,4470.9745222929905,3514.56050955414,48.0,3
GACTTGTTCCCAGC,4450.84615384615,3385.6615384615397,36.0,3
TAAAGGCATTTGCG,4450.26315789474,3406.2857142857106,65.0,0
TAGCTTGCTTTGCA,4474.33548387097,3164.46451612903,21.0,3
CCCCCCCCTTTGCN,4251.93209876543,3357.5370370370397,81.0,3
CTGTTTGTTTTGCT,4754.69655172414,3346.2206896551697,86.0,3
TCAGCAGACCCTTC,4404.27814569536,3067.80132450331,16.0,3
GACATAAAGGGAAT,4959.17355371901,3374.3305785124,63.0,0
GCCTCACCGGGAAN,4731.205555555561,3288.477777777781,26.0,3
CAGGCCCCGGGAAG,4582.11224489796,3335.7040816326507,18.0,3
CAACAAAGTTTCCC,4925.365384615379,3160.2243589743603,153.0,0
CATCAGCGTTTCCC,4275.77692307692,3211.9153846153804,27.0,3
AAACTCTGTTTCCT,4639.70440251572,3487.4088050314504,76.0,3
AAGCATTGTTTCCG,4685.97810218978,3398.8102189781,21.0,3
CAACCACTCCCTTT,4434.59119496855,3350.5723270440308,23.0,3
ACACCTCTTTTCCT,4344.42424242424,3528.87878787879,231.0,2
TCCCTGTTCCCTTA,4365.58974358974,3334.71153846154,27.0,3
CTACCGTAGGGACC,4210.584905660379,3510.3647798742104,55.0,3
GCATGTCATTTCAA,4634.21232876712,3502.65068493151,31.0,3
CTGAAACAGGGACG,4936.43703703704,3436.57037037037,35.0,3
TTAGTTTATTTCAT,4225.871559633029,3059.29357798165,18.0,3
GAGCATGCCCCTGN,4374.35947712418,3025.61437908497,25.0,3
TCCCACCCTTTCAG,4680.371621621621,3066.5,220.0,1
TTCTTCTCCCCTGC,4802.31851851852,3117.77037037037,28.0,3
AGAGGACCAAAGTA,4400.15,3214.325,15.0,3
GCCTTTCGTCCTGN,4645.5303030303,3422.0681818181797,33.0,3
GCCTGCAGTTTCAN,4699.40789473684,3245.49342105263,57.0,3
GAGTTTGGCCCTGC,4898.00714285714,3169.5,120.0,0
TGGCCCCTTTTCAN,4269.88202247191,3410.2191011236,146.0,0
ATGCGCTTCCCTGT,4872.1521739130385,3281.70652173913,320.0,1
AGACGTCTCCCTGT,4273.58503401361,3509.98639455782,70.0,0
ACCATAGTCCCTGN,4359.19047619048,3583.9251700680297,120.0,0
TCTCTGGAGGGAGC,4369.87,3364.79,13.0,3
ACTAGGTATTTCTA,4732.88888888889,3126.26797385621,154.0,1
CACACCACCCCTCC,4279.12173913043,3030.90434782609,13.0,3
TTTGGTCCCCCTCG,4704.556390977439,3261.82706766917,16.0,3
CCTTTCAGTTTCTC,4261.76023391813,3521.5146198830394,128.0,0
GAGCTCGGAAAGAT,4447.88888888889,3323.26984126984,11.0,3
ATGCTATTTTTCTC,4994.49612403101,3212.6666666666692,61.0,0
TCAATCTCTTTCGC,4393.73006134969,3386.6809815950896,42.0,3
GCACATGGCCCTAC,4644.24242424242,3348.47727272727,29.0,3
CTCAAATGCCCTAC,4650.5178571428605,3176.375,23.0,3
CACTCGCGCCCTGC,4803.07575757576,3018.1818181818207,24.0,3
ATAACCCACCCGGG,4866.66225165563,3180.17880794702,72.0,0
ACCGCCGCCCCGGA,4981.00763358779,3477.2366412213696,25.0,3
CTACACCCCCCGGA,4652.55704697987,3191.46308724832,11.0,3
TTTTACACGGGCCN,4958.34104046243,3524.94797687861,23.0,3
AGCTCAACGGGCCG,4900.728476821189,3348.95364238411,23.0,3
GGGGTGTGTTTAAC,4731.6666666666715,3255.2243589743603,35.0,3
TAAGGTGGTTTAAC,4672.65838509317,3352.64596273292,18.0,3
GATCCCCTCCCGGG,4529.046052631579,3177.03289473684,13.0,3
GCACTTTTTTTAAC,4230.65714285714,3337.876190476189,37.0,3
CTTTGAATCCCGGC,4825.91836734694,3332.4965986394604,30.0,3
GATCATCATTTAGT,4527.428571428572,3206.90816326531,34.0,3
TCACCATACCCGAT,4544.49696969697,3175.13333333333,13.0,3
TAGGGTAATTTAGC,4230.72340425532,3470.97872340426,131.0,0
ACTGCGTCCCCGAC,4727.06701030928,3074.8969072165,245.0,1
CTTCGATCGGGCTG,4663.30769230769,3066.41258741259,58.0,3
TACTTAGCCCCGAG,4806.24561403509,3573.85964912281,11.0,3
CGCTGAACTTTAGA,4932.4296875,3095.2890625,91.0,0
GTCGGGAGAAATCG,4407.15517241379,3465.74137931034,22.0,3
GATTTGCTAAGCTT,4659.64102564103,3002.0,15.0,3
CTAATAACCCCGCG,4217.45263157895,3307.8526315789504,22.0,3
CCAGTCCCTTTAAT,4670.81904761905,3423.98095238095,21.0,3
GTGGAGCCCCAAAA,4978.944,3312.96,35.0,3
CCCCCCCGGGTTTT,4570.3333333333285,3394.4880952381,58.0,3
TTCGTGGTCCAAAA,4302.3230769230795,3509.4,22.0,3
TGTGGATTTTGGGT,4440.77685950413,3364.719008264461,17.0,3
AATCAAGTTTGAAC,4703.0,3033.7633587786304,90.0,0
AGGCCAATCCAAAC,4330.368421052629,3586.2736842105296,40.0,3
ACTAACGACCAACC,4451.2828282828295,3461.8484848484804,26.0,3
TCCGTTAACCAACT,4869.95588235294,3156.66176470588,33.0,3
GCATGACATTGGTC,4809.46268656716,3068.865671641789,66.0,3
AGCATCCATTGGTC,4289.48717948718,3468.79487179487,108.0,0
CACGGCACCCAACC,4791.64516129032,3449.9032258064503,14.0,3
GGGACGTCCCAACT,4272.81707317073,3450.76829268293,101.0,0
TTTCCCGTCCTTGC,4611.99470899471,3148.6137566137604,22.0,3
CGCATACACCAAGN,4288.078651685391,3449.97191011236,124.0,1
GTGGGGGCCCAAGC,4388.43925233645,3593.7850467289704,80.0,0
CGGCGACGTTGGAA,4595.239130434779,3491.2753623188396,25.0,3
TCCTCTAGCCAAGN,4635.93798449612,3361.71317829457,71.0,3
CCAACGTTTTGAGA,4741.28440366973,3482.53211009174,13.0,3
CGTCACGTCCAAGC,4971.71428571429,3112.26785714286,11.0,3
AAGACTATCCAAGC,4974.5454545454495,3367.8888888888896,50.0,3
CGACAACAGGTTAC,4927.88888888889,3183.17171717172,14.0,3
TACGGTGGTTGGCN,4992.57718120805,3321.7718120805393,145.0,0
TATTGACTTTGGCG,4886.06134969325,3265.90797546012,304.0,1
CGTCGGTATTGTTC,4696.73480662983,3008.75138121547,179.0,0
ACTTAAGACCACCG,4330.15,3422.99166666667,18.0,3
CGGATGGCCCACCN,4479.35593220339,3406.05084745763,29.0,3
ACATCCTCCCACCG,4519.29496402878,3359.96402877698,10.0,3
CAGTCCTGCCACCT,4714.928571428572,3585.103174603171,13.0,3
CTAAGCGGCCACCT,4832.3698630137,3391.6369863013697,47.0,3
CAATTTTTTTGTTC,4483.91946308725,3049.5704697986603,25.0,3
TAATGCATTTGTTC,4929.68907563025,3354.29411764706,342.0,1
AGTGGCATTTGTTC,4777.0,3069.8165137614697,103.0,0
GCTATTTTCCACCN,4842.587155963301,3059.25688073394,22.0,3
GTAATGATCCACCT,4294.28767123288,3575.91780821918,68.0,3
AATCGCACCCACAT,4412.82608695652,3047.10144927536,18.0,3
TCCAAATGCCACAC,4699.79661016949,3052.64406779661,174.0,0
TTGCCTCTCCACAA,4749.96610169491,3514.8474576271196,40.0,3
TCAACCAGCCACTC,4387.04026845638,3015.4966442953005,12.0,3
GTCTTCTACCACGC,4970.41095890411,3068.74657534247,75.0,0
CACTTTTAGGTCCC,4399.058823529411,3560.3823529411798,11.0,3
TCCGCGTAGGTCCT,4835.1654676259,3416.07194244604,54.0,3
AGACCAACAACTTT,4890.5178571428605,3219.3660714285693,46.0,3
GGCCTTAGAACTTC,4930.40495867769,3451.8016528925605,67.0,0
GTTCCGCATTGGAC,4460.68217054264,3586.5193798449604,167.0,0
TCACGTGGAACTGG,4669.122807017539,3232.29824561404,22.0,3
GGGAGTGTGGTCAT,4443.39837398374,3132.81300813008,18.0,3
GGTGCCATCCAGTA,4945.05050505051,3383.17171717172,73.0,3
GTGGTTGACCAGAA,4708.291044776121,3218.619402985071,44.0,3
CAGACGTAGGTCTA,4363.18390804598,3310.09195402299,21.0,3
AGCTTACGTTGAGC,4896.6,3446.64705882353,62.0,3
TGAGGCCACCAGCC,4620.02797202797,3457.04895104895,12.0,3
CGACCAGCGGTCGA,4681.45569620253,3464.7594936708892,37.0,3
ACCAAGCCGGTCGC,4682.04487179487,3183.230769230769,22.0,3
CCACCCGTCCAGCC,4338.5447761194,3474.75373134328,211.0,1
ATTGCACAGGTAAA,4765.56435643564,3415.82178217822,17.0,3
TCGGTTCACCATTN,4977.67132867133,3491.57342657343,22.0,3
TTAGTGTGTTGCCT,4710.871621621621,3451.87162162162,117.0,0
ATTTCTGATTGCAC,4739.45637583893,3094.7651006711408,112.0,0
CTGGGTAATTGACT,4293.25,3025.3214285714307,35.0,3
CAAACTCCGGTACA,4553.59854014599,3031.0510948905103,20.0,3
TCACACATCCATGC,4458.0232558139505,3473.1627906976696,34.0,3
TGCAAATTAACGTA,4217.26771653543,3583.62992125984,48.0,3
CCGGAGAAAACGAG,4363.25925925926,3487.7962962963,14.0,3
CTGGTTACCCATCC,4289.6696428571395,3252.33035714286,17.0,3
GCAGCAACCCATCT,4912.27450980392,3266.4771241830103,98.0,0
GTGTGGGGTTGCTT,4682.892561983471,3377.7768595041302,41.0,3
CTCTGCCTTTGCGG,4856.69852941176,3127.51470588235,148.0,0
ATACCGGGATCCCC,4571.845528455279,3130.49593495935,19.0,3
TGACGAGGGGAAAC,4945.213017751479,3258.26035502959,37.0,3
TAGGAGCGGGAAAG,4664.1456310679605,3568.98058252427,12.0,3
TCTCACTTCCTTTG,4234.56557377049,3386.5081967213105,15.0,3
GCGTCCATGGAAAT,4269.48666666667,3172.68666666667,17.0,3
AACACCGTCCTTTA,4868.5920000000015,3489.6240000000007,12.0,3
CGTTTTCGCCTTGT,4458.2625698324,3164.67039106145,34.0,3
CACTCAATGGAACC,4824.198473282439,3428.450381679389,32.0,3
CTCTGAGAGGAAGT,4297.14705882353,3436.8088235294103,136.0,1
AATGAGTCTTCCTC,4449.36075949367,3147.3291139240505,13.0,3
CCAGAAAGGGAAGC,4884.6666666666715,3099.1768707483,19.0,3
GTCAGGTCGGAATG,4690.1119402985105,3533.9850746268708,46.0,3
GTTGATAGAAGGCG,4242.77037037037,3172.25185185185,29.0,3
CTGGTTCCTTCAAC,4563.777777777779,3565.5972222222204,13.0,3
GACCCCGGTTCAAT,4725.89333333333,3529.02,23.0,3
GTACGGCAGGACAT,4344.15862068966,3178.6482758620696,13.0,3
GCGCAATATTCACG,4929.26153846154,3012.59230769231,133.0,0
TTAACAGCAAGTGC,4520.75187969925,3163.33082706767,12.0,3
CGGGTACGAAGTGA,4812.8571428571395,3396.6964285714307,10.0,3
ACTTGCCTAAGTGT,4781.3012048192795,3388.57831325301,35.0,3
GTGCGCCAACTGAG,4509.449275362321,3501.42028985507,14.0,3
ACCGCCTAGGACTA,4639.36559139785,3470.60215053763,26.0,3
CACTTGTATTCAGN,4783.26896551724,3194.6137931034496,72.0,3
GTTGTTACGGACTG,4709.10810810811,3154.42567567568,39.0,3
GGCCCCCTTTCAGG,4571.019354838711,3497.43870967742,50.0,3
CGCTTGTAGGACGG,4594.71341463415,3080.0487804878003,55.0,3
TATTGGAATTCATG,4334.79381443299,3366.0927835051507,23.0,3
CATTGTGATTCTTA,4960.587412587411,3421.5594405594397,97.0,0
GCTCTGACCCTCCT,4335.89552238806,3019.2835820895507,34.0,3
CCTTTTTGCCTCCA,4890.99468085106,3077.90425531915,74.0,3
TTGGGTTGCCTCCT,4977.07194244604,3127.82014388489,101.0,0
TCTGTATGCCTCCT,4876.19072164948,3535.46907216495,19.0,3
GAGGATGTTTCTTC,4920.362204724411,3206.07874015748,154.0,0
ATACCCCCGGAGTG,4423.390977443611,3221.13533834586,25.0,3
GTCAAACGTTCTGA,4821.8691588785105,3129.1121495327093,66.0,0
CGCGTGCTTTCTGG,4205.46728971963,3494.77570093458,214.0,0
CCCGAACTCCTCAC,4821.46486486486,3058.52432432432,54.0,3
CCCCCCGGTTCTCC,4341.60740740741,3575.80740740741,154.0,0
GCAGTGCCGGAGCA,4721.73648648649,3146.64189189189,100.0,0
CTTCCGTAGGATTC,4580.308823529411,3485.3014705882397,40.0,3
ACTCTCCAGGATGG,4852.68456375839,3487.35570469799,18.0,3
TCCATCTATTCGTN,4996.93700787402,3243.4173228346503,185.0,0
ACCTAGTGTTCGTC,4394.5283018867885,3151.8238993710693,18.0,3
GGGGTCCATTCGAA,4326.37113402062,3353.0412371134003,10.0,3
TACTCTTATTCGAG,4966.9256756756795,3256.93918918919,46.0,3
GTACACCATTCGAT,4987.97101449275,3560.38405797101,48.0,3
GGACGGATTTCGCG,4716.17721518987,3291.3037974683502,12.0,3
CGAGGTACCCGGGA,4672.94482758621,3107.00689655172,16.0,3
GCTGATGCGGCCCG,4792.84397163121,3028.27659574468,105.0,0
AGCCCCCGAATTTG,4907.993006993011,3053.93006993007,64.0,3
CAGTGCCGAATTTA,4765.91275167785,3194.7046979865804,52.0,3
TGACCGTTTTAAAC,4371.3359375,3260.4140625,15.0,3
CTTTGAGCTTAACG,4209.982758620689,3059.96551724138,15.0,3
CGTATTCGAATTGT,4395.61594202899,3492.8260869565197,67.0,3
TCAGTTTGCCGGTG,4420.404210526321,3557.89684210526,416.0,1
GTTGAGAGTTAACN,4943.656,3020.528,34.0,3
GTGAGACTAATTGT,4201.0990990990995,3433.15315315315,147.0,0
CTCTCCGCTTAAGA,4942.15789473684,3423.34210526316,84.0,0
CCCATGTGAATTCG,4943.02684563758,3082.07382550336,88.0,0
GAACACATCCGGAG,4564.72661870504,3410.17985611511,55.0,3
CGTCTATGCCGGCN,4568.55,3148.975,26.0,3
GCCCTTATTTAATT,4429.89830508475,3427.6016949152504,16.0,3
TCCTCATTTTAAGG,4454.884615384621,3077.88461538462,27.0,3
GTGGTCTCAATGGA,4887.87741935484,3203.2322580645205,184.0,0
AACATGTCCCGTTA,4209.29530201342,3597.19463087248,34.0,3
CTGGGGTGCCGTTT,4793.54838709677,3044.0580645161303,172.0,0
AAGCCCAGCCGTTN,4956.84431137725,3156.491017964069,43.0,3
CATAAATGTTACCT,4790.466666666671,3514.06666666667,20.0,3
GTGTGCCGAATGGA,4815.06474820144,3084.71942446043,88.0,0
GCCAAAGATTACAA,4370.48591549296,3437.52816901408,16.0,3
AGAGCCACTTACAC,4565.010869565221,3477.10869565217,20.0,3
TGATGCAGCCGTGC,4718.52898550725,3030.28260869565,21.0,3
CGCGTATAGGCAGC,4795.80158730159,3348.2619047619,12.0,3
CAAGTACCAATGAG,4699.592592592589,3443.85185185185,22.0,3
TCAACGGCAATGTA,4419.98648648649,3271.40540540541,31.0,3
CCCTTTGGAATGCT,4660.29556650246,3541.2068965517205,14.0,3
CGAGGCGAGGCTTT,4817.87254901961,3017.53921568627,34.0,3
GAGGTTCAGGCTTA,4472.584905660379,3576.58490566038,109.0,0
CCTATTTCGGCTTC,4229.16477272727,3594.29545454545,100.0,0
CCTTCAGCCCGAAT,4656.12834224599,3226.43315508021,52.0,3
CCACACCGAATCCT,4241.05303030303,3291.1969696969704,48.0,3
GCCTGTCGCCGAAT,4343.6049382716,3544.87654320988,114.0,0
GCAACGATGGCTTT,4320.84671532847,3009.24817518248,37.0,3
GCCTTGATCCGAAG,4709.23387096774,3018.31451612903,67.0,3
ACGAGTTTCCGAAG,4954.59558823529,3245.75,37.0,3
ACTGGCGAGGCTGG,4586.83962264151,3519.4339622641496,14.0,3
CGGGGGTAGGCTGT,4808.60655737705,3539.46721311475,27.0,3
GAGGCCTGAATCAG,4656.72043010753,3431.1290322580603,15.0,3
TTGAGGGTCCGACT,4856.324324324321,3238.56756756757,44.0,3
TGCGGCACTTAGAC,4330.993421052629,3495.3223684210498,65.0,0
ATTAACCGCCGAGC,4961.7377049180295,3044.95081967213,14.0,3
GTTTCCTTTTAGAC,4523.73493975904,3066.5963855421696,40.0,3
GGAGTATCAATCGA,4365.93506493507,3351.0389610389598,12.0,3
AACTTTTATTATTG,4800.50735294118,3287.1323529411798,21.0,3
TTTGCAGATTATTA,4381.90967741935,3483.94838709677,12.0,3
TACGCGTCTTATTG,4317.61271676301,3339.4104046242796,30.0,3
CTGGCGCCTTATGT,4743.17910447761,3593.5522388059703,19.0,3
TAGGACAAGGCGAC,4404.3821656051,3349.96178343949,50.0,3
GATTCAACGGCGAC,4945.50920245399,3367.3803680981605,38.0,3
GATGTTTAGGCGCT,4676.9863013698605,3153.56849315068,14.0,3
ATTGCATCGGCGCA,4646.384615384621,3275.96449704142,13.0,3
GTGGGTCGAATATC,4413.83076923077,3316.60769230769,15.0,3
ATCCGGTTCCGCGG,4799.821428571428,3364.4523809523803,16.0,3
AACTTACCTAAAAA,4657.52941176471,3463.137254901961,11.0,3
TTTGCGTAGTTTGA,4400.1666666666715,3080.90277777778,28.0,3
ACAGATTCCAAACT,4902.68125,3107.1875,97.0,0
AACGATACGTTTGA,4382.18181818182,3425.68686868687,29.0,3
CGTCTATTCAAACN,4887.07746478873,3563.2746478873205,24.0,3
CTCTTGTAGTTTCG,4531.57664233577,3523.5182481751795,44.0,3
CCCTTGGGTGGGCT,4589.03980099502,3392.01990049751,38.0,3
ATTGCCCCCAACCC,4316.6,3453.08205128205,103.0,0
CGGAGGACCAACCG,4606.95867768595,3001.586776859501,141.0,0
ACCTGCTGACCAAT,4499.25,3528.0234375,26.0,3
GTGGACCTTGGTTN,4629.24183006536,3124.0457516339893,29.0,3
CGTTGTCTGTTGGN,4843.06211180124,3034.714285714289,353.0,2
GATTGACTCAACCG,4986.1375,3068.7375,59.0,3
CTGCGTCCACCACT,4938.63333333333,3465.54,48.0,3
TCAGATGGTGGTGC,4410.58510638298,3178.5159574468103,20.0,3
TTTTCGTGACCACG,4476.41830065359,3273.47058823529,10.0,3
CCGTGGATACCACA,4580.2327044025205,3177.65408805031,28.0,3
TCTTGCTGTGGTCT,4729.953271028039,3585.28037383178,20.0,3
GCCTTGATACCAGA,4565.233333333329,3042.46666666667,27.0,3
GTTCGGAATGGTAC,4504.716666666671,3444.625,12.0,3
CGACGACATGGTAC,4559.18705035971,3522.07194244604,31.0,3
CCCGGGTAGTTGCT,4755.01298701299,3490.19480519481,21.0,3
TTGTTTCCCAACGC,4545.2,3110.42162162162,18.0,3
CGACCGACGTTGCG,4305.26,3349.70666666667,35.0,3
GCAGCAGGACCATA,4941.56565656566,3523.0,41.0,3
GGCACCTTTGGTAG,4851.621468926551,3445.8305084745807,45.0,3
TACGCGCAGTTCCT,4650.11038961039,3134.8831168831202,102.0,0
CTCAAAACTGGAAA,4865.30872483221,3388.6644295302003,27.0,3
TTGAGGGCGTTCCG,4608.536764705879,3087.0588235294103,53.0,3
GATCTCCGCAAGGA,4494.546666666671,3008.24,14.0,3
GTGCAACAGTTCAN,4830.29710144928,3225.5,85.0,0
GGAACCGAGTTCTT,4611.9765625,3105.4921875,63.0,3
CAGCTCAAGTTCTC,4417.512,3513.456,107.0,0
CCCTAGCCACCTCT,4904.26775956284,3200.72677595628,101.0,0
CCATTGCAGAATTT,4359.75229357798,3196.79816513761,21.0,3
GTCACGCGTGGCTA,4547.56626506024,3367.9156626506,25.0,3
CTCTGCTTGTTAGG,4428.38983050847,3106.44915254237,32.0,3
CGCTTCATACCGAC,4566.712041884821,3256.0314136125708,16.0,3
TCTAAGTGACAAAG,4937.94339622641,3401.081761006289,14.0,3
ACTTACGAGTGTGN,4734.01234567901,3306.98765432099,27.0,3
GTTGCGGCGTGGTG,4970.01923076923,3434.63461538462,102.0,3
CAGATGACCTGGAG,4681.97350993377,3482.2119205298,26.0,3
TTATTTACGCAAGN,4416.86206896552,3014.98850574713,73.0,0
GACAGGCGACAAGG,4965.85534591195,3340.45283018868,181.0,1
GTCTTCAGCACCTT,4385.847222222221,3518.06944444444,73.0,0
ACTACGACCACCGC,4409.506666666671,3592.4666666666703,15.0,3
CCCTTAAGTGTGGG,4841.28985507246,3237.63768115942,29.0,3
AAGTGTGGCACACC,4609.587301587299,3494.6190476190504,14.0,3
ATTTTGACTGTGAC,4464.70322580645,3414.7677419354804,21.0,3
TGTCCCGGACACTC,4554.466666666671,3095.1111111111104,39.0,3
GCAGCTGTTGTGCG,4750.57692307692,3171.21153846154,95.0,3
CGCTTACCCACTTA,4284.746268656721,3165.67164179104,31.0,3
GCTTGACGTGTCCA,4332.658064516129,3301.12258064516,31.0,3
GAACACAGCACTTG,4455.44444444444,3248.5158730158696,15.0,3
GGGAAATCCACTGT,4934.5416666666715,3198.56944444444,48.0,3
GACGGCGCCACTGC,4393.8333333333285,3532.583333333329,146.0,1
CATAAATCACAGTA,4415.4966442953,3535.12080536913,64.0,3
TAGCAGACGTGACG,4200.28378378378,3576.5405405405395,55.0,3
ACTCACCGCACTGN,4757.573333333329,3585.333333333329,24.0,3
TAGGTTCTCACTGC,4679.034482758621,3121.5603448275897,159.0,0
AAGCCTCCCACTCT,4777.24324324324,3149.02702702703,34.0,3
ACGCTTCTCACTCT,4464.1282051282105,3430.16025641026,147.0,0
ACACCACTGACTAC,4382.75,3500.2962962963,13.0,3
GCTCGGAAACATTC,4474.86206896552,3545.8275862069,41.0,3
CTTGCGAAATGCCG,4483.60606060606,3345.22727272727,15.0,3
TGGGAAGGACATGN,4545.84126984127,3127.3333333333308,27.0,3
TCAAATCTCACGTC,4978.19736842105,3573.60526315789,32.0,3
ACTTTCCTTGTATC,4934.149532710279,3244.95327102804,14.0,3
AAACCTTACAGGGG,4883.864864864871,3163.81081081081,81.0,3
CAACAATATGAAAC,4814.44262295082,3168.26229508197,86.0,3
CCCACCTCCAGGGT,4437.33108108108,3512.0878378378397,95.0,0
ATAACGCCACTTGT,4592.306666666671,3033.18666666667,64.0,0
GCAAAAGTCAGGTG,4812.63529411765,3304.87058823529,13.0,3
ACATGCCATGAAGN,4693.03846153846,3137.4,27.0,3
GCTCTTGGTGAAGG,4249.98130841121,3567.73831775701,101.0,0
ATGCACGGTGAAGT,4242.922222222221,3541.41111111111,65.0,3
CGCTCAATTGAAGN,4646.07971014493,3065.18115942029,94.0,0
CCATTAAGCAGGCA,4502.3333333333285,3364.69281045752,13.0,3
TGTGCGCACAGTTA,4709.368421052629,3398.11578947368,26.0,3
CAAATTTCTGACCC,4802.46728971963,3269.71028037383,30.0,3
GAATTTGCTGACCC,4582.33552631579,3142.184210526321,18.0,3
CTTGGTGCGTCAAN,4378.97385620915,3391.0457516339893,52.0,3
CACTTGGCCAGTGT,4223.18032786885,3395.1475409836103,487.0,1
GTGTGTGGTGTGTG,4592.6038961039,3111.94805194805,23.0,3
GTCTCGCTCAGTGT,4515.934065934071,3242.8021978021998,34.0,3
CGAAACGTCAGTGC,4680.39215686274,3094.8039215686304,59.0,3
CAACAAATCAGTGC,4380.58273381295,3161.8345323740996,10.0,3
CTGTCCAAGTCAGC,4233.97887323944,3579.33098591549,74.0,0
CTTTGGAGTGACTG,4747.12056737589,3280.36170212766,30.0,3
CTCGTGGGTGACTA,4876.39455782313,3404.2857142857106,45.0,3
CCACCAGTTGACTN,4204.48453608247,3136.30412371134,41.0,3
CTTTGGCCAGACGG,4265.35294117647,3088.35294117647,20.0,3
ACGGCATCGTCATC,4348.25185185185,3338.16296296296,42.0,3
TGACCTGATGAGGG,4685.85106382979,3432.9007092198603,33.0,3
TACTTGTAACTCCG,4389.37410071942,3549.18705035971,182.0,0
ACTCCCGCCAGAAG,4696.25,3458.5486111111104,21.0,3
GCCTTCCCGTCTTA,4679.05625,3547.375,67.0,0
ATTGCGTTGCAGGA,4926.3275862069,3277.43103448276,89.0,0
ACTTTACCGTCTGA,4934.3768115942,3506.7246376811604,35.0,3
TGGGGGATGTCTGA,4889.24369747899,3512.58823529412,20.0,3
TGAGGCTCGTCTCT,4736.18867924528,3271.50943396226,14.0,3
CACTAAATACTCTG,4237.09558823529,3501.25,28.0,3
TGCAGTCGCAGCCN,4696.52,3476.4628571428602,22.0,3
TCGGTCTAGTCGCN,4513.24822695035,3176.6879432624105,20.0,3
GCCTCGGACATTTN,4810.66292134831,3181.8258426966304,115.0,0
TGCTGCTACATTTA,4497.4166666666715,3351.15625,14.0,3
CCAAATTGATAAAA,4709.26388888889,3469.22222222222,18.0,3
CTGACGAGTCGGGT,4693.226415094339,3564.207547169811,18.0,3
GGTCTAAGACGGGC,4337.82113821138,3388.4471544715398,21.0,3
TGTCCGTTCATTTA,4217.56349206349,3406.3253968254,123.0,0
CGCGTTCAGTAACC,4861.29710144928,3195.2246376811604,13.0,3
ACATCGCCCATTGC,4443.305732484079,3526.17834394904,115.0,0
CGGAACCGGTAACT,4545.68503937008,3529.77165354331,38.0,3
GGCGCGTTACGGTT,4513.569620253161,3345.27848101266,20.0,3
CGGGGTCATGCCTG,4771.547169811321,3317.09433962264,11.0,3
TAACCCTAGTAAAA,4753.40506329114,3003.84810126582,20.0,3
GCGGTTATACGTGT,4532.38235294118,3326.96078431373,16.0,3
ACTGCGCAGTACTG,4866.46721311475,3442.23770491803,18.0,3
CTTTTGCAACGTCT,4623.03703703704,3474.6851851851893,29.0,3
AACTAAAAGTACTA,4788.75,3113.3125,11.0,3
GTCTCCGCCATGAG,4770.0,3007.2093023255798,152.0,0
GCACATCGTGCAGT,4791.64492753623,3127.61594202899,303.0,1
TGGCCCGGTGCAGA,4927.11971830986,3032.8732394366198,130.0,0
CAACTCGCCATGCC,4910.45180722892,3157.88554216867,105.0,0
AATTGTCACATCCT,4313.8125,3518.3214285714307,121.0,0
GGACCGAGCATCCT,4645.04494382022,3256.37078651685,25.0,3
GTGTGGCGGATCCG,4504.55555555556,3459.59722222222,46.0,3
CTCCCGCGTGCTTN,4364.4296875,3452.2265625,54.0,3
AACTCGTTCATCCC,4630.78205128205,3413.42307692308,13.0,3
TCTCATATCATCCT,4237.87209302326,3419.7790697674395,289.0,1
CGTGAATCTGCTGG,4830.0490797546,3196.33128834356,294.0,1
AGATTGGCTGCTGA,4688.15909090909,3036.79545454545,97.0,0
GGGCAAAGTGCTGG,4711.29479768786,3121.51445086705,58.0,3
ATTGCGCGTGCTGA,4382.16901408451,3353.71830985915,21.0,3
GAGCAGGAGTAGAT,4955.34513274336,3464.30088495575,18.0,3
CTCGTTTGCATCTC,4587.51111111111,3445.63333333333,47.0,3
CGATGTAGACGAGN,4787.17910447761,3209.17910447761,33.0,3
TATGCGTCACGATA,4447.18,3234.405,15.0,3
CCTAACTCGTATGA,4265.3333333333285,3464.8888888888896,104.0,0
AAGTTTCACATAGC,4672.2916666666715,3080.13333333333,46.0,3
TACACCCGACGCTA,4351.76315789474,3242.35526315789,29.0,3
ACACACTTTGCGAT,4496.94303797468,3149.11392405063,12.0,3
ACAACCTATGCGCA,4958.97604790419,3015.50299401198,74.0,0
CCTCTCACTATCGG,4316.93137254902,3288.5588235294103,30.0,3
TTTTGGGATCCCCN,4929.67164179104,3387.90298507463,80.0,0
AACTAGCCAGGGGN,4207.27956989247,3392.77419354839,60.0,3
CTCTGGAGCTTTTN,4224.5,3074.27397260274,21.0,3
ACTCTTAAAGGTGG,4907.9801980198,3216.54455445545,47.0,3
CGGCCGAATCCCAT,4203.67934782609,3034.48369565217,39.0,3
CTCAAAGCCTTTGG,4585.131147540979,3504.26229508197,23.0,3
CACGGCTCCTTTGT,4571.55688622754,3163.69461077844,22.0,3
CCTTATTCCTTTGT,4606.27741935484,3465.32903225806,68.0,3
ACACAAACAGGGTG,4609.336283185839,3225.7433628318604,23.0,3
CCGCATTTCTTTGN,4297.569767441861,3278.465116279069,100.0,0
ACTGCGGTCTTTGT,4836.413333333328,3319.44,54.0,3
AACGAAGGAGGGAA,4740.48717948718,3559.07692307692,18.0,3
GGTGATGGAGGGAG,4756.9854014598495,3241.52554744526,22.0,3
GCTGGGTTAGGGAA,4842.8,3154.44137931034,76.0,3
AACGTCTTAGGGAG,4749.92523364486,3432.95327102804,47.0,3
CTTTCCCACTTTTN,4829.95,3142.3333333333308,75.0,3
AGATCCGTAGGGCG,4930.615384615379,3121.28846153846,54.0,3
TCACACCAAGGTTT,4490.636363636359,3034.99300699301,16.0,3
TGACCCCAAGGTTA,4365.66225165563,3548.1059602648997,57.0,0
TCGAGCCGCTTGGG,4369.27884615385,3507.29807692308,219.0,1
TCGAGTAGCTTGGA,4950.797872340429,3141.2553191489396,98.0,0
AGTTAATGAGGTTA,4395.08974358974,3325.6282051282105,16.0,3
CGAGGTCTGAACCT,4671.15094339623,3439.41509433962,20.0,3
TACTCCGTGAACCG,4313.69230769231,3405.38461538462,50.0,3
TATACATAAGGTGG,4792.5078125,3001.609375,53.0,3
CGTGCGGATCCACC,4844.573333333329,3504.66,19.0,3
GGCACGGAAGGCAG,4657.76388888889,3032.6666666666692,20.0,3
TTTCACACTCCACT,4268.60377358491,3491.5754716981105,70.0,0
TTTCGGTCAGGTGC,4301.98765432099,3527.4320987654296,117.0,0
TAGCTTAGAGGTGG,4707.428571428572,3557.77551020408,32.0,3
CAACAATGGAACAT,4242.71428571429,3444.214285714289,179.0,0
GGTGATGTAAACAA,4751.80909090909,3203.8181818181797,19.0,3
ACACCCTTTCCACA,4342.685714285711,3512.9238095238106,11.0,3
AAGGGGGTAGGTGC,4793.70542635659,3329.6666666666692,46.0,3
GGCTCGAACTTGAC,4700.25165562914,3593.6357615894,20.0,3
ACGTGATCCTTGAG,4832.75187969925,3047.33082706767,126.0,0
AACTTGGGAGGTCC,4967.90756302521,3171.1512605042,19.0,3
GCCGACCGTCCAGC,4902.53072625698,3231.83798882682,184.0,0
CCAGGGGTGAACTA,4567.79861111111,3209.13194444444,26.0,3
TAACGTGACTTCCT,4848.681318681321,3113.587912087911,283.0,2
ATTAGCTATCCTTA,4737.615384615379,3141.3496503496503,49.0,3
GTCCTGGCAGGAAT,4988.96153846154,3036.717948717949,96.0,0
AGGGAATCTCCTTA,4500.3333333333285,3117.25833333333,14.0,3
TCTTGCGGAGGAAG,4712.62,3366.17,17.0,3
CCAACTAATCCTGN,4603.66153846154,3382.21538461538,21.0,3
TAGCTTCACTTCAG,4431.1041666666715,3444.24305555556,26.0,3
AGGAAAGCAGGACC,4355.62962962963,3518.14814814815,50.0,3
CGAAGCACTCCTGT,4956.1376146789,3229.95412844037,118.0,0
GTGGCCGCTCCTGC,4658.1703703703715,3584.65925925926,88.0,0
TATGGTCGAGGACG,4878.196428571428,3310.4732142857106,43.0,3
GCAGTTCTTCCTGG,4352.55339805825,3477.058252427181,11.0,3
ACAAACATCTTCAC,4849.125874125871,3182.47552447552,65.0,0
TACTTCTTCTTCAT,4600.375,3135.09210526316,26.0,3
GCACTGCATCCTCT,4240.84337349398,3276.0963855421696,32.0,3
GCTCGGACAGGAGN,4917.192052980129,3099.4635761589398,81.0,3
GTTCTGAGCTTCTC,4474.21818181818,3470.1545454545508,40.0,3
AACTGGGGTCCTCG,4939.17763157895,3323.65131578947,298.0,1
ATGCCCAGAGGAGC,4227.13385826772,3179.17322834646,21.0,3
CTTGTACTCTTCTG,4902.70161290323,3571.58870967742,15.0,3
TACGATGCCTTCGC,4632.04285714286,3397.84285714286,18.0,3
TTCTTTTGTCCTAT,4843.82258064516,3290.91129032258,43.0,3
CCACGCCGCTTCGC,4301.192,3263.224,34.0,3
GTGCGGGTTCCTAA,4998.3541666666715,3403.0138888888896,225.0,1
AATCAACTCTTCGA,4770.00970873786,3349.39805825243,14.0,3
TTTGGGCATCCGGC,4850.818791946311,3389.7785234899293,18.0,3
CTAAACATTCCGGC,4441.36585365854,3013.18292682927,15.0,3
AACGGCGCTCCGTG,4231.032258064521,3486.9677419354803,57.0,3
CACTTCAGCTTACC,4863.496598639461,3223.36054421769,207.0,2
TTTATTGGTCCGTG,4556.89726027397,3490.30821917808,23.0,3
GCTGGACGTCCGTA,4736.984375,3207.15625,70.0,3
TGCAAGTGAGGCAT,4951.7328244274795,3199.09923664122,89.0,0
AATACGAATCCGAA,4602.072289156629,3017.19879518072,64.0,3
GGATTTTGAGGCTT,4787.6838709677395,3494.10967741935,33.0,3
ACGCTCTGTCCGAN,4485.88811188811,3232.6013986014,24.0,3
AGAACTATTCCGAC,4279.488,3343.968,27.0,3
ATTTGTCTTCCGAG,4286.62091503268,3125.8169934640505,19.0,3
GTGTTTGAAGTTTT,4780.92792792793,3178.72972972973,99.0,0
TCAATAATAGTTTC,4273.569767441861,3310.48837209302,29.0,3
GGACAGATTCAAAT,4592.16470588235,3265.2,22.0,3
CGACGTTTAGTTTA,4481.7055214723905,3423.66871165644,24.0,3
GAGGTATACTGGTN,4458.72631578947,3526.031578947371,28.0,3
TCTGTGTGAGTTGA,4812.37440758294,3519.8009478673,29.0,3
CACTCGGTTCAACA,4415.30935251799,3379.5827338129493,19.0,3
TTGGGGGATCAAGG,4696.4296875,3197.21875,18.0,3
GGTCGGCATCAAGA,4915.24489795918,3560.3877551020396,17.0,3
CTCAGAGGCTGGAG,4568.79527559055,3341.2519685039397,23.0,3
GATGGAAGTCAAGC,4933.25563909774,3297.92481203008,59.0,0
CTATGTGACTGGCC,4847.14838709677,3258.2064516129,37.0,3
ACCGGTAACTGTTC,4445.96638655462,3205.25210084034,13.0,3
AGCGATAACTGTTN,4231.82795698925,3193.8494623655897,23.0,3
GACTGCGATCACCT,4672.19259259259,3042.6370370370396,233.0,1
AGCCTTGCGACAAG,4908.64705882353,3408.36470588235,18.0,3
CATAGCAGTCACCC,4846.2695035461,3137.9007092198603,113.0,0
GTTTCTAGTCACCT,4882.69655172414,3030.50344827586,68.0,0
TAGCCGTTTCACCN,4901.7647058823495,3552.9411764705897,22.0,3
GCCCTCCTCTGTTA,4444.637795275589,3171.4645669291303,31.0,3
AGGCAATTCTGTTA,4899.971830985921,3091.2464788732395,90.0,0
TGCGTCCACTGTGG,4866.25362318841,3417.61594202899,16.0,3
CGCTCTTAGACACC,4722.37209302326,3162.90697674419,12.0,3
CTGTATACAGTGTG,4797.63846153846,3302.73846153846,56.0,3
AATACTCCGACACG,4894.86111111111,3302.13194444444,13.0,3
CGCTCGTGCTGTGG,4618.2125984252,3405.82677165354,52.0,3
GCGCAGGGGACACG,4652.98387096774,3078.52419354839,25.0,3
CTCTCGGGTCACAN,4859.49382716049,3269.8148148148107,117.0,0
TCGTCCATCTGTGN,4673.63358778626,3390.2213740458,40.0,3
ACTGCGGTCTGTGA,4497.10377358491,3491.09433962264,15.0,3
CCCGTTTAGACAGA,4441.13829787234,3596.5638297872297,17.0,3
GACTCAACTCACAA,4220.07272727273,3381.3454545454492,83.0,0
TTCTTCCCGACAGG,4393.85087719298,3296.184210526321,13.0,3
ACTCATGCGACAGG,4648.5540540540505,3573.85135135135,16.0,3
ACAGAGCGTCACTC,4284.3282442748105,3197.4961832061103,16.0,3
GTTGGTAGAGTGAT,4389.06818181818,3281.47727272727,28.0,3
GCCAGTTTGACAGT,4318.9213483146095,3472.0337078651696,139.0,1
GTTTTGGTAGTGAC,4689.80165289256,3258.4214876033093,42.0,3
CGACTACATCACGG,4897.3375,3397.5125,35.0,3
CTGAGAAGAGTGCT,4957.23684210526,3288.32894736842,74.0,0
TTGGGTGGCTGTAG,4777.56756756757,3132.9099099099103,115.0,0
GACGGCATTCACGA,4416.92523364486,3451.747663551401,38.0,3
TCACATCCGACTTT,4760.11016949153,3291.30508474576,51.0,3
CGGGCCTCGACTTC,4499.336633663371,3260.82178217822,14.0,3
ATGGGGCCAGTCCG,4201.71538461538,3230.730769230769,16.0,3
AATGCCCCAGTCCG,4900.048,3539.808,19.0,3
GACCTCTGAGTCCN,4536.73717948718,3020.9743589743603,47.0,3
GGCTTACGCTGAAC,4417.9622641509395,3078.16352201258,12.0,3
CGTCAACGGACTTA,4673.139072847679,3011.9867549668897,148.0,0
GGCTGTGGCTGAAT,4855.03603603604,3353.57657657658,14.0,3
TTCGGGTTCTGAAA,4879.3982300885,3475.19469026549,11.0,3
TCCTTTCTCTGAAC,4587.32558139535,3053.5813953488396,16.0,3
CGGGAAATAGTCCG,4377.5078125,3190.9609375,20.0,3
CAGGTATACTGACC,4967.52252252252,3141.0900900900897,65.0,3
GCCCGACAGACTGT,4727.08695652174,3194.7028985507204,48.0,3
GTTGGCGAGACTGT,4390.8541666666715,3402.125,15.0,3
AATTTAGGAGTCAG,4325.43333333333,3557.15555555556,125.0,0
AATAACTTCTGACA,4934.63057324841,3214.2484076433093,44.0,3
CCTGCACTGACTCN,4841.4,3430.0857142857103,188.0,0
TGAGCACGAGTCGA,4962.0564516129,3449.86290322581,27.0,3
AAAGACGGAGTCGC,4342.30476190476,3449.7238095238104,48.0,3
GGAATATTTCAGCT,4824.17910447761,3001.074626865671,57.0,3
CCCGTCTCTCATTG,4263.1554054053995,3242.26351351351,28.0,3
GCTTGAGAGACGTT,4489.4328358209,3130.425373134329,11.0,3
CTTCATCATCATGN,4413.967741935479,3423.3790322580603,36.0,3
GCTAACTATCATGT,4973.18867924528,3035.9182389937105,74.0,0
GGGATGTGTCATGT,4736.7037037037,3167.0222222222196,62.0,3
TGGGCGCGCTGCAC,4881.7898089171995,3146.73248407643,106.0,0
GATCATGTCTGCAC,4480.94444444444,3150.9537037037,28.0,3
ACCTGACTAGTACT,4646.31782945736,3007.8992248062,97.0,0
ACGGGGTAGACGAA,4608.5,3481.63815789474,12.0,3
TTCATTGAGACGAG,4427.45864661654,3002.54135338346,38.0,3
GATTGGAAAGTAGC,4339.15957446809,3559.989361702129,41.0,3
AACTGCCCGACGAA,4830.27272727273,3282.91919191919,22.0,3
ACTGTCAAAGTATC,4707.79365079365,3277.22222222222,30.0,3
GAGGAGAGAGTATA,4234.68367346939,3114.63265306122,15.0,3
GGGGGTGCGGAAAN,4302.0756302521,3172.54621848739,23.0,3
CCCAATGTTTTTTT,4956.32258064516,3031.52688172043,29.0,3
GTTTTTGTGAGGGG,4216.64077669903,3481.92233009709,101.0,0
AACTGGTTCTCCCG,4630.495145631071,3446.06796116505,42.0,3
TCGCGGTATCTTGA,4308.91228070175,3555.0701754386,40.0,3
GAGCCCACAGAACC,4734.33571428571,3515.15,13.0,3
GTGGGAACGACCAC,4905.35897435897,3140.192307692311,33.0,3
TGAGGTCCAGAACG,4776.06862745098,3301.137254901961,21.0,3
AGCGCATCAGAACG,4435.0540540540505,3413.17567567568,17.0,3
GGTTCGTGAGAACG,4944.02380952381,3184.80952380952,20.0,3
CCAGATTGAGAACG,4470.56779661017,3560.6101694915296,42.0,3
GTATGGGTTCTTGG,4297.048,3294.248,31.0,3
CCGTAAGTTCTTGN,4534.47651006711,3293.1812080536897,112.0,3
CGACCCTTGAGGTG,4764.82644628099,3024.43801652893,161.0,2
CGCTCCTTAGAACT,4904.02290076336,3462.87786259542,46.0,3
GGCTGTGTAGAACG,4303.2,3463.38666666667,216.0,1
CTGAGTCCAGAAGT,4968.928571428572,3586.3253968254,26.0,3
GGCCATACCTCCTT,4648.05263157895,3302.72368421053,10.0,3
GCATGCACAGAAGA,4645.0,3521.1744186046503,15.0,3
TAAACCTCGAGGAG,4887.77099236641,3340.1679389313,18.0,3
GGGACCGCCTCCTA,4930.2352941176505,3552.8529411764703,18.0,3
GATGGTGGAGAAGG,4567.5960264900705,3105.4238410596004,20.0,3
GGATTCGGAGAAGT,4607.56451612903,3245.95161290323,14.0,3
GCGGATGGAGAAGT,4799.325,3169.7,248.0,1
CTGCGGTTAGAAGT,4673.76271186441,3259.95762711864,32.0,3
CCTCTCGTCTCCGA,4883.93525179856,3062.6690647482,19.0,3
GTTCTTGCAGACCT,4201.363636363641,3092.39772727273,33.0,3
ACTTGTTCTCTGGG,4519.30555555556,3571.7222222222204,13.0,3
GAATTTCGAGACCG,4772.0157480315,3492.14960629921,18.0,3
CCCAACATAGACCC,4331.84615384615,3000.10769230769,13.0,3
GGACTTCAGAGTGG,4254.56034482759,3220.20689655172,15.0,3
CCTACGGCCTCACT,4688.29518072289,3108.43373493976,10.0,3
CGGCACTGCTCACT,4985.07042253521,3394.33802816901,104.0,0
GCTTTCCGCTCACN,4868.35975609756,3362.0487804878003,84.0,0
TATCCGCGTCTGTA,4747.33552631579,3333.5657894736796,18.0,3
TGTAGGCATCTGAC,4815.5,3198.22602739726,149.0,0
GGGCCCTAAGACTC,4303.47058823529,3494.21568627451,102.0,0
ACAACAGCGAGTCT,4966.72794117647,3002.11029411765,115.0,0
CACGCCGTCTCAGA,4773.81679389313,3268.5038167938897,50.0,3
GCCAGGTTAGACTN,4209.17699115044,3250.62831858407,20.0,3
ATTGGCGCTCTGCT,4985.91818181818,3461.88181818182,48.0,3
CTTGACAGTCTGCA,4471.86904761905,3124.7857142857106,22.0,3
GCCCATAGAGACGA,4540.8920454545505,3552.79545454545,30.0,3
TGTACCTTTCTGCG,4691.4863013698605,3153.4520547945194,33.0,3
TAGAGTAATCTCCG,4228.40322580645,3369.8548387096807,47.0,3
GAAATGGCGAGAAC,4326.01904761905,3572.5619047619,229.0,2
TCTGACTGTCTCCA,4872.86,3133.51333333333,119.0,0
GGGAGATGCTCTTA,4960.95,3358.50833333333,160.0,1
TACTGTCCCTCTGG,4266.88118811881,3350.5148514851508,133.0,0
AAGCTGGCGAGACT,4312.96739130435,3438.61956521739,39.0,3
GAGCAAACGAGACG,4304.88333333333,3479.5,46.0,3
TTTGGGGGCTCTGT,4722.82352941176,3558.41176470588,22.0,3
GTGTTCAGCTCTGT,4662.06349206349,3297.0,27.0,3
CGACATAGGAGACT,4631.85401459854,3038.2408759124105,87.0,3
AGCAGCAGCTCTGA,4296.2678571428605,3088.1339285714307,27.0,3
CGCCAAGGGAGACG,4890.31111111111,3320.4,98.0,0
GTCTTCAGAGAGTA,4232.55462184874,3161.58823529412,18.0,3
GCTTCTATAGAGTA,4644.9553571428605,3333.10714285714,29.0,3
GGAGGTGAAGAGAC,4940.3333333333285,3066.477777777781,35.0,3
AGCGACGATCTCTG,4558.875,3550.9375,49.0,3
CTGATAATCTCTCC,4817.5761589404,3259.1854304635804,42.0,3
TGCTTCTTTCTCTC,4760.277777777779,3544.27777777778,34.0,3
GATTCACGAGAGCC,4904.86666666667,3070.67333333333,120.0,0
CTTCACCTTCTCGC,4616.59638554217,3306.0481927710803,11.0,3
CGACCTAACTCGGG,4743.70930232558,3036.13372093023,131.0,0
ACTACCAAAGATTG,4435.15730337079,3380.5955056179805,21.0,3
AGACCGTAGAGCCA,4466.026315789471,3500.12280701754,16.0,3
GTCACGAAAGATTC,4644.2125984252,3438.79527559055,21.0,3
GTCGTGCAAGATTA,4799.98550724638,3503.2898550724603,11.0,3
CCAAATTCCTCGGC,4817.875,3113.3823529411798,121.0,0
CGACACACGAGCCG,4516.94262295082,3471.3770491803302,14.0,3
GTAAACCTCTCGGG,4984.02040816327,3297.29931972789,19.0,3
TCTAACTTTCTAAC,4979.21428571429,3100.9285714285693,61.0,3
GTCACGTTGAGCCT,4746.27835051546,3157.11340206186,220.0,0
ACAGTGCTCTCGGC,4697.94444444444,3409.603174603171,23.0,3
CGGAACACCTCGTG,4679.13533834586,3245.41353383459,21.0,3
AATTGGTGAGATGG,4985.10280373832,3233.75700934579,85.0,0
GAGCCGAGAGATGT,4664.02941176471,3144.77205882353,37.0,3
TAGTTCATGAGCAA,4920.20481927711,3065.57831325301,62.0,3
CTCTTCTTAGATGG,4856.712,3066.568,133.0,0
TACTAAGTGAGCAC,4941.14084507042,3034.80281690141,35.0,3
GATTTGGTCTCGTG,4441.80869565217,3496.5478260869604,31.0,3
CTTACAATGAGCAT,4850.92727272727,3584.06363636364,40.0,3
CTGTACAAGAGCTG,4815.248,3042.848,58.0,3
ACTCAGTACTCGAG,4632.87741935484,3379.22580645161,52.0,3
TGGCAAGGAGATCT,4231.63095238095,3405.94047619048,165.0,1
CTTGCCATCTCGAC,4972.82456140351,3286.6959064327502,171.0,0
GTGCAAACCTCGCT,4824.99473684211,3156.51578947368,199.0,0
TGCTTACAGATTTC,4383.94520547945,3061.58904109589,10.0,3
GTATTGTAGATTTA,4646.904761904761,3042.54761904762,33.0,3
CGACTGTCGATTTT,4999.796052631579,3353.47368421053,184.0,0
GCCTGACCTCGGGT,4313.03846153846,3589.3461538461493,84.0,0
GGTCTGTTGATTTG,4659.61971830986,3524.8943661971794,41.0,3
TTTTGCCTAGCCCT,4930.889380530971,3050.3938053097304,102.0,0
TGACTCTAGATTGC,4920.37423312883,3469.37423312883,24.0,3
GAGCCGTAGATTGC,4341.24637681159,3154.60144927536,12.0,3
GAACAATCCTAACT,4554.81506849315,3199.08904109589,16.0,3
CACGTAGCGATTGA,4688.03571428571,3346.8035714285693,22.0,3
TTGGGGTCGATTGC,4745.01,3577.95,40.0,3
CTCTTACGCTAACG,4856.48936170213,3338.97872340426,54.0,3
GTCTGTCACTAAGG,4807.88596491228,3030.43859649123,71.0,3
GTGCTTGCGATTCT,4450.40845070423,3263.5915492957697,40.0,3
CAGGGTTCGATTCT,4600.6102941176505,3305.8088235294103,49.0,3
TGCGGATGTCGGAC,4802.10625,3409.4375,22.0,3
TCAGTTTGCTAAGA,4748.25185185185,3128.37777777778,179.0,1
CGACAGTAGATTAA,4878.73636363636,3002.99090909091,134.0,0
TTAGAACATCGGCN,4973.35664335664,3410.57342657343,38.0,3
CGACAATTTCGGCT,4794.52941176471,3142.92941176471,181.0,1
CAACCGAACTACCT,4253.74545454545,3553.3696969697,61.0,3
CCACCAGAGATGGA,4941.66,3005.72,19.0,3
AGACACGCTCGTTG,4773.262135922329,3571.1359223301,18.0,3
GCTGATGCGATGGA,4487.64102564103,3537.871794871789,62.0,3
GCCTTATGAGCAAN,4251.50862068965,3307.59482758621,43.0,3
AACGCCATTCGTTC,4505.37226277372,3135.37226277372,17.0,3
AACTCGCTTCGTTA,4425.05555555556,3469.7063492063508,41.0,3
GTGTCGATAGCAAT,4607.70422535211,3261.1056338028197,21.0,3
CGGGCGGATCGTGG,4816.37804878049,3290.2439024390196,24.0,3
GCTTTGTCAGCACT,4363.20231213873,3013.92485549133,15.0,3
TCAGTCGGAGCACT,4711.1666666666715,3082.80952380952,264.0,1
ATCTACCTAGCACT,4869.73248407643,3055.1974522293,104.0,0
TACTTAGCGATGAA,4578.0306122449,3194.4693877551,10.0,3
CAGTTGACTCGTCT,4916.76100628931,3575.74213836478,41.0,3
GCGCCCCGGATGAC,4418.72932330827,3061.9624060150395,32.0,3
GTGTCTCGAGCAGT,4383.85365853659,3249.39024390244,20.0,3
ATGATTAGCTACTC,4202.55238095238,3280.2857142857106,29.0,3
AGTTCAAGAGCAGC,4980.5130434782595,3266.4608695652196,49.0,3
TATGTGCTAGCAGT,4883.24822695035,3047.43262411347,118.0,0
CGCACGTTGATGAG,4334.0198019802,3336.35643564356,37.0,3
GCTGTGATCTACTA,4913.266666666671,3339.6666666666692,295.0,1
TGAAACCAGATGCC,4589.3571428571395,3551.61538461538,13.0,3
GTTATCCAGATCCC,4831.277777777779,3303.1111111111104,33.0,3
AGCCAACAGATCCC,4606.98692810457,3039.23529411765,50.0,3
CCACCATAAGCTTC,4750.732758620689,3084.86206896552,57.0,0
TACAACGAGATCCN,4983.6328125,3009.03125,98.0,0
CTGGGATCGATCCC,4354.69230769231,3568.1692307692297,19.0,3
TCTTATGCGATCCC,4662.16,3092.5542857142896,31.0,3
ATCACGTCGATCCC,4374.30534351145,3206.0076335877893,19.0,3
AATACGTCGATCCA,4251.82692307692,3264.88461538462,21.0,3
GTTCATACAGCTTC,4967.63333333333,3302.05833333333,141.0,0
GGATTGTCGATCCT,4780.57317073171,3047.9756097561,117.0,0
CCGCAAGCGATCCG,4331.90909090909,3279.2,13.0,3
ATCAAACGAGCTTG,4703.09090909091,3341.50303030303,26.0,3
AAGCTACTAGCTTA,4280.3410852713205,3583.75968992248,85.0,3
ACGCGTAACTAGTT,4245.85,3599.066666666671,70.0,3
GGCTATTAGATCAT,4282.92361111111,3046.63194444444,19.0,3
CCACCTACTCGACC,4973.90434782609,3554.6521739130394,26.0,3
CGTAATTCTCGACT,4493.76397515528,3381.14285714286,18.0,3
GAGGCTGCTCGACT,4522.07185628743,3315.87425149701,23.0,3
TTGGGGCGGATCAN,4739.47328244275,3348.37404580153,23.0,3
ACATTTAGAGCTGC,4687.615384615379,3080.0288461538507,134.0,0
CGGTCGGTTCGACT,4522.75912408759,3135.8102189781,21.0,3
ACACTGTAGATCTC,4316.00917431193,3502.92660550459,130.0,0
CGAATTCCGATCTG,4537.08441558442,3093.56493506494,37.0,3
TCCCCACCGATCTA,4484.5,3115.54320987654,19.0,3
TGGCTGTGAGCTCN,4517.71186440678,3285.3813559321998,21.0,3
AGCCCTGTAGCTCC,4250.823943661971,3025.38028169014,16.0,3
ACGTCTTGAGCTAT,4677.0522875817,3563.03921568627,19.0,3
ACGCCCGTGATCGN,4916.978417266189,3117.80575539568,75.0,3
CCAGGTGAGATAAG,4212.40845070423,3333.97183098592,56.0,3
AGAGCCAATCGCCT,4709.01639344262,3137.39344262295,28.0,3
CGGAGTACTCGCCG,4839.3,3017.5846153846196,46.0,3
ATGTTTCGCTATTN,4836.1151515151505,3124.77575757576,125.0,0
CGAACAAGAGCGGT,4540.1875,3353.6375,11.0,3
GAGCGGTGAGCGGT,4796.44262295082,3546.77049180328,14.0,3
GCCGGGATAGCGGG,4781.42335766423,3463.90510948905,11.0,3
CTATTTTTAGCGGG,4832.30921052632,3251.03289473684,39.0,3
TCCTGTGTTCGCCG,4599.161764705879,3508.96323529412,22.0,3
TTTCATAAAGCGTT,4914.58522727273,3357.17613636364,48.0,3
GGTGGAGATCGCAC,4657.402061855671,3112.73195876289,16.0,3
CGCACTAAAGCGTC,4983.23853211009,3175.7155963302807,80.0,0
CAGTTTAAGATACN,4833.42391304348,3108.9021739130394,53.0,3
CATCAGTCTCGCAG,4209.87777777778,3075.2888888888897,20.0,3
TAAGATTCAGCGTA,4799.69105691057,3198.68292682927,21.0,3
CGAGTGACAGCGTA,4220.75925925926,3145.90740740741,15.0,3
GCCTTGTATCGCTG,4266.53658536585,3571.1585365853703,109.0,0
TCTGTGGAAGCGAG,4762.378378378379,3160.65765765766,121.0,0
CATGCCTGAGCGAA,4685.756578947371,3415.47368421053,13.0,3
GACCGAGGAGCGAG,4224.41836734694,3253.76530612245,45.0,3
TCCTTGTGAGCGAT,4687.92307692308,3313.5934065934107,17.0,3
CTTCCCCTAGCGAN,4852.118421052629,3324.13157894737,33.0,3
GCTGGCGAATTTTC,4237.74725274725,3354.78021978022,72.0,3
TGTGTTCCATTTTT,4438.8571428571395,3293.5714285714307,23.0,3
ACTTTGTCCGGGGT,4739.868421052629,3012.809210526321,41.0,3
TGAATGTCCGGGGA,4419.88888888889,3353.8333333333308,21.0,3
CTGCGAAGTAAAAC,4218.5,3279.96666666667,18.0,3
ATGTGTCGATTTTC,4919.71755725191,3222.03816793893,167.0,0
TCGAAACTATTTTG,4440.52066115702,3396.3305785124,23.0,3
GTTGGCATTAATTA,4539.81896551724,3308.40517241379,33.0,3
TCTACATTGCCCCG,4901.90849673203,3124.62745098039,101.0,0
GCACTGCCATTTGG,4823.09090909091,3479.26262626263,27.0,3
ACACTCCCATTTGG,4281.88235294118,3397.71568627451,93.0,0
TAACTCTCATTTGA,4357.1282051282105,3028.2905982906,57.0,3
GGGTTCTCCGGGTA,4767.82857142857,3474.98857142857,17.0,3
TCTTCAGGATTTGG,4552.21476510067,3297.20134228188,78.0,3
CATCCAAGATTTGA,4876.73148148148,3085.07407407407,10.0,3
GTCTGGTGTAAACG,4945.14880952381,3308.97023809524,204.0,2
CGGACTCGATTTGC,4645.026315789471,3120.5175438596502,78.0,3
CTCCGCATATTTGG,4862.921875,3312.546875,89.0,3
CTAAGCGTATTTGG,4248.05691056911,3010.34959349594,20.0,3
CATCAACCGCCCTC,4529.1428571428605,3435.49579831933,43.0,3
CATCATATTAAGAC,4836.11666666667,3490.675,20.0,3
TAACAACACGGGCC,4237.991228070179,3209.37719298246,17.0,3
CGTGCTGTATTTAC,4280.819354838711,3567.50967741935,127.0,0
AAATGACACGGTTT,4795.32191780822,3184.34931506849,21.0,3
CTTGCTGAATTGGA,4501.342465753421,3545.6164383561604,32.0,3
ACATTACAGCCACN,4783.366120218579,3016.96174863388,74.0,0
AGACCATATAACAC,4222.78571428571,3421.57792207792,55.0,3
ACTTTAGTCGGTGG,4863.1428571428605,3082.7857142857106,16.0,3
ACGGTTGTATTGTC,4792.12931034483,3097.4827586206898,84.0,3
TCCTATCTCGGTGC,4486.77472527472,3520.63736263736,52.0,3
AGCGGCATATTGTA,4776.70512820513,3585.92307692308,59.0,3
GCGTTTTCGCCAGG,4316.485714285711,3257.614285714289,13.0,3
GGAGATTCATTGAG,4745.413793103449,3417.56896551724,19.0,3
ATCTAATGATTGAT,4906.5920000000015,3010.592,48.0,3
TGCTTCACATTGCG,4807.715277777779,3336.68055555556,33.0,3
TAGGACTAATTCCN,4246.271428571429,3127.77142857143,31.0,3
TAATTGTCATTCCT,4823.34183673469,3564.0459183673493,31.0,3
TACTTAGCATTCCT,4366.41818181818,3381.1818181818207,36.0,3
AAGCACCCGCCTTC,4860.652439024389,3026.31707317073,113.0,0
AACAAGGCGCCTTA,4728.47619047619,3455.6598639455797,26.0,3
GTTTTACGATTCCA,4674.14383561644,3027.8904109589002,148.0,1
GTGACGTTCGGAAA,4443.0,3551.2253521126795,13.0,3
GTGATTGTATTCCN,4216.277777777779,3089.8611111111104,22.0,3
CGCCATTACGGACA,4380.89147286822,3375.64341085271,22.0,3
ACTTCCGAGCCTGC,4282.98089171975,3419.79617834395,44.0,3
TCCGGGTCGCCTGA,4678.20134228188,3328.63758389262,10.0,3
TCTAATGCGCCTGC,4763.48148148148,3227.17283950617,25.0,3
ATGGTGCGATTCAC,4200.1854838709705,3165.88709677419,15.0,3
TACTGATGATTCAG,4714.2397260274,3419.28082191781,15.0,3
TAGCAATGATTCAG,4489.61386138614,3464.5742574257397,61.0,3
GGCTGGTGATTCAG,4873.9281045751595,3017.4313725490197,73.0,3
GGCTCGATATTCAC,4439.10687022901,3335.84732824427,25.0,3
TGGTTTCTATTCAG,4400.3292682926785,3311.62195121951,28.0,3
ACCGTGTTGCCTGC,4724.8041958041995,3093.85314685315,593.0,1
TCCCACCAATTCTC,4746.21551724138,3296.9482758620697,31.0,3
AAGGCGTCATTCTA,4846.34931506849,3198.2602739726008,202.0,1
ATTTTAGGATTCTC,4538.04929577465,3421.5774647887292,43.0,3
TCGTCCGGATTCTA,4699.7967032967,3494.0989010989,83.0,3
AACGTTGCATTCGA,4201.1521739130385,3308.3550724637707,48.0,3
TACTGTAAATTAAC,4554.0,3399.0810810810804,16.0,3
GCTTTTGCATTAAG,4408.6476190476205,3363.26666666667,24.0,3
TCACAATTCGGCCN,4354.358333333329,3439.15833333333,30.0,3
TTTGGCATCGGCCG,4256.82089552239,3292.9776119403004,15.0,3
GTACACGCGCCGTC,4740.65185185185,3319.2888888888897,14.0,3
GTTCGAACGCCGTA,4342.17475728155,3352.08737864078,18.0,3
CTGCATGGTAATGG,4287.401515151521,3499.9469696969704,49.0,3
GCTACAGGCGGCAC,4215.7987421383705,3045.50314465409,11.0,3
AATCCCGAGCCGAC,4658.42763157895,3414.95394736842,12.0,3
ACCATTGCGCCGAT,4826.87421383648,3179.4276729559692,190.0,2
TGGACATGCGGCTC,4368.3522012578605,3153.1194968553496,27.0,3
AAAACCCTATTAGT,4948.44262295082,3096.68032786885,34.0,3
GCACTGCAGCCGCC,4636.71014492754,3193.26811594203,119.0,0
GTGGGCGAGCCGCG,4456.35593220339,3005.58192090395,19.0,3
TTTGAATAGCAAAC,4940.032,3110.0959999999995,34.0,3
CAACGAGCATGGGG,4844.71232876712,3275.19178082192,35.0,3
GGAGAGGCATGGGA,4618.84507042254,3054.35211267606,20.0,3
GGGTCTCTTACCCC,4657.01492537313,3447.1044776119397,24.0,3
AAGACGTTGCAAAA,4413.81927710843,3481.0963855421696,14.0,3
GAACGTCTATGAAC,4263.66197183099,3205.56338028169,12.0,3
AGACCGTAGCAACN,4906.94949494949,3312.939393939389,26.0,3
GGCAGGTAGCAACA,4950.86776859504,3273.21487603306,65.0,3
CACGTTGAGCAACT,4542.42962962963,3058.77777777778,15.0,3
TGGCGAACGCAACN,4869.5796178344,3297.4076433121004,133.0,0
GTCAACGCGCAACG,4309.45161290323,3573.3354838709706,240.0,2
GGCATTGCGCAACN,4380.88888888889,3454.84027777778,25.0,3
TTCCCAGTCGTTGT,4823.67132867133,3098.71328671329,164.0,0
ACTTGTAAGCAAGT,4653.36585365854,3478.17886178862,18.0,3
AGGAGCTAATGCTN,4269.8023255814005,3555.54651162791,30.0,3
GCCTCGCAGCAAGC,4876.5401459854,3429.941605839421,20.0,3
TTTGCCGCGCAAGG,4826.93442622951,3028.95081967213,21.0,3
CTTTTCAGATGGAC,4555.4852941176505,3422.64705882353,11.0,3
CCACTTCTGCAAGG,4336.34265734266,3141.3986013986,11.0,3
GTGGAACTGCAAGA,4250.84693877551,3583.1836734693898,91.0,0
GTCTCATAGCAATA,4941.340277777779,3228.6388888888896,51.0,3
ATCGTGCCATGTTT,4424.53521126761,3253.28873239437,43.0,3
CCAGAAGCGCACCC,4345.94366197183,3591.5774647887292,37.0,3
ACGCCGCGCGTGGN,4764.36,3042.17333333333,135.0,0
CGACATAATACACT,4282.02189781022,3436.0364963503607,203.0,1
CAACGTTATACACG,4581.47887323944,3296.6666666666692,16.0,3
AAGCCAACTACACT,4745.66115702479,3543.00826446281,36.0,3
AGCCGCCCTACACG,4821.16216216216,3381.26351351351,13.0,3
TAAGATAGATGTCT,4674.50526315789,3515.2105263157896,29.0,3
CTTACGGTATGTCA,4629.698275862071,3517.45689655172,24.0,3
AGTCCTACGCACAT,4890.82242990654,3432.6261682243,17.0,3
TGTGGGGGGCACGC,4740.95161290323,3052.08870967742,34.0,3
GACTTAGGATGTAT,4404.86075949367,3522.51898734177,145.0,0
GGCACACATACTTC,4461.19379844961,3321.4186046511604,13.0,3
TACTGTCAGCAGGC,4324.933823529411,3066.79411764706,12.0,3
AACCACCCATGAAG,4643.6,3456.0,20.0,3
ATTACGACGCAGGN,4328.17910447761,3409.59701492537,22.0,3
GCTCATGGTACTTG,4832.2191780821895,3087.1095890410998,143.0,0
GACTCGTATACTGG,4952.04761904762,3346.0204081632696,401.0,1
GAGCGAAGATGACA,4912.76351351351,3084.42567567568,70.0,3
CTACCTCGTACTGA,4425.97435897436,3591.88034188034,105.0,0
GTACAATGGCAGTA,4723.13235294118,3011.3161764705897,78.0,0
TTAAAGTTTACTGG,4986.542056074771,3117.3644859813103,26.0,3
GTTGGCAAGCTCTT,4234.627118644071,3310.7627118644104,18.0,3
TGTCACAGGCAGAA,4975.64864864865,3157.77477477477,57.0,3
CATGGGGTATGAGC,4971.528925619829,3383.6694214876,101.0,0
GGCTTGGAGCAGCC,4216.86046511628,3539.75581395349,86.0,0
TATGACAATACTAC,4378.071428571428,3561.614285714289,86.0,0
CATAAGGCCGTCGG,4715.16901408451,3435.8661971830998,15.0,3
CTTTTCCCTACTAC,4568.1804511278215,3365.08270676692,30.0,3
GTTGAATGATGATC,4522.13669064748,3510.61870503597,30.0,3
CTTCCCTGATGATA,4202.2604166666715,3474.2083333333308,13.0,3
TGCGCCTAGCATTN,4861.29530201342,3143.75167785235,84.0,0
CGGAACGCGCATTG,4314.45744680851,3086.96808510638,42.0,3
AGCCCACGATGCCA,4384.74,3469.4,15.0,3
AGTTCAATATGCCT,4629.43624161074,3572.80536912752,47.0,3
GACTTCTATACGTC,4397.15037593985,3579.84210526316,143.0,0
AATGGGTCGCATGA,4298.928,3420.816,22.0,3
CTCTTTGCATGCAT,4564.65605095541,3020.26114649682,69.0,0
AACTAAGGATGCAN,4973.827868852461,3054.56557377049,38.0,3
GGACTTGATACGAC,4826.97959183673,3458.40136054422,14.0,3
GCCCTTGGTACGAC,4788.102564102561,3260.6410256410304,114.0,0
ATCGGTGGGCATCN,4936.49315068493,3138.2123287671197,105.0,0
TGGGATCGTACGAG,4489.275,3553.825,29.0,3
GCCTGGATATGCTC,4885.93277310924,3488.74789915966,34.0,3
TCTCTGTTATGCTA,4761.59731543624,3505.37583892617,44.0,3
CCAGCGCGATGCGG,4652.88888888889,3558.9259259259297,22.0,3
CTTCCTGAGCTTTN,4766.176056338029,3528.59154929577,63.0,3
CGTTTCAACGAAAT,4995.91228070175,3103.2807017543896,39.0,3
CTTGTTCCTAGAAA,4714.46078431373,3045.02941176471,75.0,0
CCAGGAGGTAGAAC,4885.61666666667,3353.76666666667,22.0,3
GATGCGTGATCCCT,4260.30701754386,3319.7280701754407,21.0,3
CTCCGAAGTAGGGN,4775.05263157895,3542.52631578947,25.0,3
GATGGCATTAGAAC,4256.66393442623,3180.4262295082,12.0,3
GCAAGGGTCGAAAC,4715.6727272727285,3350.69090909091,38.0,3
GGAATGGATAGTGC,4756.21538461538,3142.4153846153804,91.0,0
AAGACCTCCGAACG,4875.06766917293,3375.3984962406,21.0,3
TCCGTCCTATCCAC,4543.35555555556,3143.56111111111,25.0,3
TCGCCAATCGAACT,4603.6071428571395,3449.27142857143,16.0,3
TACGCGTTATCCAG,4642.08783783784,3547.41891891892,27.0,3
TACGCTAGTAGGAA,4665.8064516129,3129.29838709677,12.0,3
CTATTCTGATCCTA,4561.05660377359,3120.25786163522,24.0,3
CGGACTATTAGGAA,4457.10619469027,3550.3893805309704,38.0,3
ACCATGTAGCTTAC,4947.2480620155,3124.61240310078,67.0,0
ACAAGTGCTAGGCT,4286.87596899225,3533.83720930233,111.0,0
CTGCAAAGTAGGCC,4882.46610169491,3594.7033898305103,40.0,3
GGGGAAAGCGAATC,4899.9262295082,3380.83606557377,31.0,3
GTTAGGTATAGTTC,4493.70512820513,3569.61538461538,70.0,3
GCCGAACCCGACCN,4280.43243243243,3092.7207207207202,27.0,3
CGGTTTGCCGACCT,4607.14074074074,3120.785185185189,35.0,3
TGTTTTCGATCAAA,4997.65873015873,3291.3253968254,21.0,3
ATCTCGGGCGACCN,4529.625,3481.47058823529,34.0,3
CAGACGCGATCAAT,4695.80952380952,3180.4523809523803,38.0,3
GTGAGAAAGCTGTG,4938.384615384621,3284.22222222222,144.0,0
TGCATCTAGCTGTA,4995.2987804878,3260.2621951219508,108.0,0
CAGACTCCATCACT,4311.6428571428605,3138.74285714286,16.0,3
GCTTGTGGTAGTGA,4609.8502994012,3176.73053892216,10.0,3
CGACAACGCGACAG,4486.286821705429,3368.96899224806,13.0,3
ACGGAGGGCGACAT,4259.43356643357,3479.2027972028004,46.0,3
AAAGTCACCGACTC,4729.573333333329,3545.42,20.0,3
ACTCTTCGCGACTA,4215.21111111111,3569.7888888888897,96.0,0
CAACATCAGCTGCT,4451.14423076923,3351.3461538461493,12.0,3
AGACTCACGCTGCG,4524.629139072849,3559.2119205298,16.0,3
CAGATCAGATCATA,4217.0,3523.6666666666706,15.0,3
GGACTTCACGAGGN,4739.72413793103,3110.69655172414,329.0,1
GCTGAGTTATCTTC,4826.84931506849,3072.2397260273997,211.0,2
TGTCGAACATCTGG,4492.25423728814,3396.2881355932204,19.0,3
CTCGAATCGCTCAC,4667.66013071895,3473.52941176471,28.0,3
CTGCACGGATCTGN,4865.74149659864,3040.85034013605,86.0,0
CGATGCGGATCTGG,4645.0380952381,3149.1619047619,12.0,3
AGAGCAAGCGAGTT,4519.90517241379,3448.29310344828,19.0,3
CCGGAGTGATCTGT,4243.80459770115,3480.40229885057,74.0,3
GTTCGTAGATCTGA,4906.33606557377,3434.8688524590198,15.0,3
GCCAGCCTATCTGA,4229.71538461538,3516.4153846153804,27.0,3
GGGATCACATCTCC,4843.70754716981,3402.58490566038,25.0,3
AATAAGTGATCTCN,4920.74074074074,3309.3629629629604,79.0,0
ACACCCCGATCTCT,4396.54,3508.99,119.0,0
GTCACGCTCGAGAC,4304.01030927835,3247.2268041237103,18.0,3
AAACGGCCCGAGCG,4294.793103448279,3593.33793103448,36.0,3
TCCTCATAATCGGA,4560.923809523811,3579.733333333329,22.0,3
CAAGGTGCTAGCCG,4954.55862068966,3577.55172413793,16.0,3
CCGGTTGGTAGCAC,4709.016,3171.88,77.0,3
GCCTCGCGCGATGA,4593.8344370860905,3227.3841059602696,21.0,3
CTTATCTTATCGTA,4285.344537815129,3266.4201680672304,45.0,3
CAATTTATTAGCTA,4982.80597014925,3247.79104477612,52.0,3
AACTGCACATCGCG,4776.4863013698605,3507.3698630137,26.0,3
TCTGCATTATCGCT,4432.801724137929,3539.2155172413795,145.0,0
CAAGCTCATATTTT,4558.957055214721,3328.4539877300604,19.0,3
GGCGAATCTATTTT,4951.86021505376,3410.11827956989,126.0,0
GGTTGTACATAAAN,4920.83018867925,3321.67924528302,185.0,1
GGAGAGTGATAAAC,4787.275,3315.34166666667,14.0,3
TCCCGAGGCGCCAC,4826.97619047619,3404.10714285714,15.0,3
TTTCAAGGTATTGA,4208.425,3153.15,27.0,3
TGCTTTTGTATTGA,4895.0795454545505,3153.61363636364,10.0,3
AGCGTTGGTATTGC,4328.120879120879,3525.7032967033,100.0,0
AATTCGGGATAACG,4838.70866141732,3211.4724409448804,110.0,0
CGCATCCTTATTGA,4658.368852459021,3358.3770491803302,12.0,3
TCAGCCCTTATTGT,4625.67346938776,3204.2551020408196,155.0,0
TGCTCCCTATAACT,4308.42975206612,3388.44628099174,22.0,3
GTTTTAGAGCGGAC,4533.03726708075,3539.1987577639793,23.0,3
GTAGGCACATAAGG,4241.25274725275,3321.6483516483504,13.0,3
GCCGGCTCCGCCTC,4797.61666666667,3563.8944444444396,34.0,3
TCGGTGCCGCGGAG,4755.0540540540505,3362.55855855856,20.0,3
CATAGCTGATAAGT,4917.69565217391,3291.5,91.0,0
TCGACATTTATAGA,4768.12359550562,3210.07865168539,30.0,3
GAGCTCTTTATTCT,4752.3422818792,3459.8859060402697,65.0,3
TTGGGGATTCGGCC,4615.73684210526,3512.07894736842,78.0,3
GGGTGCGCTATGGA,4952.1071428571395,3171.6190476190504,104.0,0
TACGCGCGTATGGN,4616.387096774191,3133.31612903226,21.0,3
TTATTGGGATACCA,4268.01388888889,3426.72222222222,128.0,0
GGCACAGTTATGGG,4249.50393700787,3056.8740157480297,16.0,3
TCTACGTAGCGTGC,4970.98181818182,3464.01818181818,28.0,3
ACACCCTGGCGTGG,4945.057971014489,3565.1231884058,19.0,3
GGACTGCGGCGTGA,4924.18055555556,3408.7361111111104,38.0,3
ACCGCGGGTATGTC,4953.492957746479,3436.0985915492997,128.0,0
ACAGCGCTTATGTC,4477.1511627907,3317.40697674419,20.0,3
TGTGGTGAATACGN,4534.07692307692,3451.27692307692,36.0,3
CTTTGCCCCGCATC,4857.32972972973,3166.89189189189,27.0,3
TCGCTCCCTATCCC,4853.25609756098,3557.3353658536603,16.0,3
CCACCGTCCGCTTC,4484.10900473934,3215.56872037915,18.0,3
CCTACGTGTATCCG,4946.710344827589,3450.8551724137897,81.0,0
GAGCAAATTATCCC,4715.22549019608,3251.09803921569,22.0,3
GTCTGGCTCGCTTA,4636.78985507246,3289.7753623188396,13.0,3
ACGTCAGACGCTGG,4706.51479289941,3524.71597633136,37.0,3
CACGGGCACGCTGT,4289.19631901841,3484.31288343558,29.0,3
CTCGAAGCCGCTGT,4295.13445378151,3211.38655462185,23.0,3
GGCAGGTGATAGTG,4768.12030075188,3082.6015037594,111.0,0
TCCTGTTGATAGTA,4977.56818181818,3449.0681818181797,44.0,3
TACAATAGCGCTGC,4837.74166666667,3168.875,33.0,3
GACTTCGTATAGTT,4620.14492753623,3162.07246376812,25.0,3
ACCAGAGTCGCTGT,4463.612676056339,3232.7323943662,16.0,3
GCAGTTTAGCGAGG,4279.544,3144.712,13.0,3
TTTGACTAGCGAGC,4271.7029702970285,3597.20792079208,71.0,3
CTATTATGTATCTT,4657.47457627119,3052.3305084745807,31.0,3
GTCTTTAGCGCTCC,4612.61403508772,3580.2280701754407,24.0,3
ACGCATTGTATCTN,4557.735042735039,3507.8547008547,33.0,3
GAGGCGATTATCTC,4804.31304347826,3588.2,11.0,3
TACTCGCCATAGCC,4257.277777777779,3451.50793650794,12.0,3
CCGGTGGGTATCGN,4398.67521367521,3477.7094017094,41.0,3
TAACTTTTATAGCN,4867.89705882353,3326.7573529411798,20.0,3
ACCACCCATATAAC,4847.16911764706,3092.28676470588,47.0,3
TCTCAATCATATTT,4665.2479338842995,3199.98347107438,29.0,3
ACTCCGACCGCGGT,4716.65648854962,3061.404580152669,161.0,0
GCAAACCCGCGCCG,4365.15060240964,3400.00602409639,17.0,3
GCTGAATGCGCGGG,4854.58415841584,3210.5742574257397,115.0,0
AGACAAGGGCGCCG,4728.52727272727,3042.94545454545,38.0,3
TAACTTCGATATTA,4251.8031496063,3098.5590551181103,16.0,3
CCCGCCCGATATTA,4848.16981132075,3308.028301886789,66.0,0
CGATCGGTATATTG,4607.9872611465,3321.1656050955394,39.0,3
CTTAAACATATACT,4730.647482014389,3422.56115107914,28.0,3
AGGAAATCTATACG,4442.95744680851,3566.13829787234,21.0,3
CGTCCGGGTATACT,4434.7962962963,3309.8888888888896,25.0,3
TCACGCGTATATGN,4317.38738738739,3486.7027027027,449.0,1
GATTGGATTATACN,4913.36974789916,3251.41176470588,88.0,0
GCTTTAACGCGCTT,4775.20886075949,3427.56329113924,25.0,3
TCGGCCACCGCGAT,4970.88953488372,3241.1627906976696,219.0,2
ATCACGAGCGCGAC,4728.6880733945,3490.5963302752307,16.0,3
ACTTCGTTCGCGAC,4789.24193548387,3082.20161290323,125.0,0
TGACGACACGCGCT,4895.8571428571395,3584.86507936508,10.0,3
GTGGATCCCGCGCG,4772.91489361702,3402.34042553192,16.0,3
ACTATCCCGCGCGA,4205.46551724138,3557.0172413793102,89.0,0
CTGGACATTATCGN,4211.836879432621,3266.39716312057,25.0,3
